1.88293892277434,0.936083687382789,0,0,0,0,0,0,0,0,0,0.910241980005219,0,1.10390030409096,0,1.07603180338854,-0.266644484744503,-0.159735039245778,0.0117986504382063,0.0255575328958859,-0.104880535165146,-0.0848682509323123,-0.148960802071107,0.0163303605325046
1.60042361535152,0.911913183935047,0,0,0,0,0,0,0,0,0,0.778973388544732,0,1.05093937186244,0,1.20888454305363,-0.182920825293317,-0.114047619471947,0.0297163617231185,0.0451954958193581,-0.0606095068933536,-0.0296927749810598,-0.0828943493338471,0.0588454339791014
1.33975204959475,0.856509025841325,0,0,0,0,0,0,0,0,0,0.93866176840564,0,0.816949730984033,0,1.11147698704561,-0.138918466882988,-0.0877048870842951,0.039544001271424,0.0695905276810041,-0.0375134581699934,-0.013611697148935,-0.0551839637833169,0.0695771594996955
1.68412283163271,0.908176205530909,0,0,0,0,0,0,0,0,0,0.755767971497807,0,1.08824090230573,0,1.11755504554265,-0.214815343037457,-0.133859333769201,0.0191219915654103,0.029663148304673,-0.0806402081250897,-0.052195009438143,-0.109557666060412,0.0373296594101751
1.89773481961846,1.00321071741244,0,0,0,0,0,0,0,0,0,1.01473100656066,0,0.891662524854464,0,1.08727021193567,-0.318231913013821,-0.213947084730623,-0.0013679442164574,0.00528451876979347,-0.155158936690254,-0.144734881710558,-0.199623486787668,-0.00951349125309439
1.80915632451894,0.792210408880365,0,0,0,0,0,0,0,0,0,0.834237069257305,0,0.903289056334797,0,1.17603345237049,-0.257084389843928,-0.143547227767232,0.0144819443173727,0.0254841593123379,-0.0971236978068424,-0.0871926511489992,-0.144012119561494,0.0254822079506878
1.50744330501561,0.683195184937513,0,0,0,0,0,0,0,0,0,1.02611229683981,0,1.13137690075208,0,1.30857101585025,-0.051820487691405,0.0377435158283676,0.0812702903955747,0.143507872184257,0.0777787536657058,0.105448659556888,0.0423947188720709,0.142544661049437
1.67357089010531,0.768718293348361,0,0,0,0,0,0,0,0,0,1.00983111321909,0,1.02688857988958,0,1.39226602470083,-0.133742050846307,-0.0356092910478368,0.0605594400394716,0.104499196573407,0.00943760094237717,0.0302887741266475,-0.0291438702147245,0.108470513824064
1.41432187778175,0.773247837359579,0,0,0,0,0,0,0,0,0,0.990357038320541,0,1.16751515564846,0,1.40276192827228,-0.0228527962658382,0.0403578067324155,0.0879025918765655,0.148525166133098,0.0856701300016869,0.12389599476564,0.0655423210955214,0.160362193984553
1.95578969438427,0.952260533756545,0,0,0,0,0,0,0,0,0,0.736445303199006,0,1.16540460082728,0,1.12155540864968,-0.292088454785195,-0.183881736137539,0.00132683410969844,-0.000153999235803517,-0.128079268859406,-0.104283471277341,-0.169851598886178,0.00463416266701952
1.89542772168634,0.918686090375148,0,0,0,0,0,0,0,0,0,0.896225437697021,0,1.11188531822395,0,1.45050370128306,-0.216856964767303,-0.114751426389189,0.0366550993845731,0.0567675024739181,-0.0609164214932049,-0.0363517115184039,-0.0983927321619066,0.0716443952212443
1.78129381017091,0.88936624328294,0,0,0,0,0,0,0,0,0,0.980277159615674,0,1.16752772945747,0,1.344075889681,-0.168030035719958,-0.0725605510485934,0.0492640693978031,0.0846068936528571,-0.0204436891922131,0.00749982716693834,-0.056699172584276,0.0886097831311604
1.70693407770195,0.704328180799405,0,0,0,0,0,0,0,0,0,1.07308668326303,0,0.809103331770996,0,1.12249681044171,-0.210168712746116,-0.0904476699135421,0.0335780043835206,0.0696502753697023,-0.049174038518697,-0.0472283497004737,-0.103485332889743,0.0493245974635732
1.58670832746315,0.726027908565524,0,0,0,0,0,0,0,0,0,0.806815781229402,0,1.10819778829898,0,1.30377514956673,-0.115186499069039,-0.0262444828703276,0.0560624622942067,0.0916748304847982,0.016300752571612,0.0443261479756982,-0.016017228602592,0.10509498831094
1.3558168190815,0.82122799471496,0,0,0,0,0,0,0,0,0,1.00219452206754,0,1.16513771652608,0,1.44419675426384,-0.00719568626962772,0.0419876952900469,0.0920034151305512,0.153529330151925,0.0901116557803435,0.132713384431794,0.0775428649229663,0.169621759830661
1.76879104726791,0.844863287324194,0,0,0,0,0,0,0,0,0,1.04251421276026,0,0.959862115540146,0,1.15481317879695,-0.220899509359882,-0.113983421848741,0.030106445395039,0.0600522448996356,-0.0644744332115429,-0.0513067358874807,-0.110350068905638,0.0464396838544037
1.59541359856787,1.00789264190425,0,0,0,0,0,0,0,0,0,0.809672782455413,0,1.19030166406656,0,1.02690346425009,-0.188853852848933,-0.129221634661623,0.0231500979279986,0.0393238001526692,-0.0701591258460342,-0.0314755591797222,-0.0891405029384407,0.0420408587418966
1.8928112107152,0.744599788756174,0,0,0,0,0,0,0,0,0,0.848673031841248,0,1.12231216373103,0,1.21569355818659,-0.218064381629618,-0.0902813387208893,0.0311268202798943,0.0553300468048193,-0.0466477910997775,-0.0307259469775336,-0.0997636809599184,0.0542569741456446
1.92151925320069,1.00339873057918,0,0,0,0,0,0,0,0,0,0.960350813986638,0,0.968034819369667,0,1.43569852908467,-0.267917587302638,-0.170240343690809,0.0218895416372676,0.0329057212199991,-0.111441178078869,-0.0927031740689163,-0.147822633977594,0.0437031025734931
1.75691456676261,0.966084394404898,0,0,0,0,0,0,0,0,0,0.997289189077014,0,1.10590651862857,0,1.48213370799186,-0.168171315255815,-0.0876050050584099,0.051478030943264,0.0833352272575296,-0.0309924595462829,-0.000515080388920425,-0.0583641548331516,0.0972798653645408
1.63240670083032,0.842758619747916,0,0,0,0,0,0,0,0,0,0.834534505973162,0,0.864432362098581,0,1.22243260890655,-0.21386098124662,-0.129593016965235,0.0236983159482979,0.0376088252579742,-0.0802073618480068,-0.0628232918292579,-0.111835562444725,0.0454812905483683
1.48999849645233,0.74772059590472,0,0,0,0,0,0,0,0,0,1.06358849058282,0,0.809955288036415,0,1.03219198022305,-0.163578241834991,-0.0748347171823852,0.0392220813215561,0.0792689109976598,-0.0310182902623686,-0.0201554735827729,-0.0704533358067203,0.0595453430952606
1.38589293161744,0.711422036305802,0,0,0,0,0,0,0,0,0,0.850597510993645,0,1.11455487516068,0,1.47499572765905,-0.0204642028258269,0.0424573863922757,0.0859891711989379,0.138247509529132,0.0841467177197956,0.121374827913068,0.0661541054002632,0.163380136720658
1.84417524755447,0.893904113981702,0,0,0,0,0,0,0,0,0,0.989537880961355,0,0.873360632478791,0,1.35799646972484,-0.251773099562372,-0.146679772192829,0.0251376551638534,0.04293007115406,-0.0942969911135013,-0.0828643259130236,-0.136512146590217,0.045437679012118
1.7289744707962,0.888354404341567,0,0,0,0,0,0,0,0,0,0.812018435922378,0,1.15716267022409,0,1.47623598753192,-0.15513852430352,-0.0730425049582807,0.0498405754911996,0.0745925258502412,-0.0209849368638648,0.0124890562517607,-0.0470776198787568,0.0998138990941343
1.87398291030003,0.735162790249133,0,0,0,0,0,0,0,0,0,0.852316766193545,0,1.0603329266351,0,1.04187520401671,-0.247274893925832,-0.11626424611232,0.0174115876015938,0.0370488537354219,-0.0731837066037208,-0.0623493652125912,-0.13015096203208,0.0247154868889211
1.3114856428914,0.804309209588732,0,0,0,0,0,0,0,0,0,0.918180677248247,0,0.881556603243825,0,1.1070580119476,-0.108725327821106,-0.0553505671835439,0.0481623270827209,0.0844761543744787,-0.00821804750164405,0.0181289572123147,-0.0267574751403939,0.0850007226637971
1.66205018276913,0.703721742172409,0,0,0,0,0,0,0,0,0,0.810741043609524,0,0.815940335516436,0,1.19372080384426,-0.214606895428136,-0.108507436652729,0.0245023111673575,0.0413102872951253,-0.0672693425614262,-0.0587931818698226,-0.110728759005065,0.0447833169471396
1.50499454999511,0.79289698720954,0,0,0,0,0,0,0,0,0,0.942474459728526,0,0.819634110358639,0,1.37004643119239,-0.142885793645394,-0.0684427146178093,0.0500208290010306,0.0822661517836651,-0.0219789511673303,-0.00323806074995092,-0.0488236342706994,0.0933343684866448
1.56792881407632,0.697480258633963,0,0,0,0,0,0,0,0,0,0.850466478420038,0,1.14407220148958,0,1.36572855738882,-0.0826845348817297,0.0069655957545465,0.068982247028582,0.114082847622956,0.0478379389104967,0.0774975596609908,0.0153110159980401,0.128130729579539
1.40594364475938,1.0028799588903,0,0,0,0,0,0,0,0,0,0.75723224808067,0,0.818476114530494,0,1.1779315516227,-0.198138612266818,-0.163175251704505,0.0169484473660922,0.0198435992130881,-0.104406486113533,-0.0740055747551586,-0.110267134469357,0.0390437252215424
1.75888113800127,0.803412426742971,0,0,0,0,0,0,0,0,0,0.956513866682057,0,1.17480761629801,0,1.1804559161269,-0.16798438604989,-0.0614678056304197,0.0449879738684559,0.0825079421260869,-0.0143878374232816,0.0095537960238504,-0.0580543149248105,0.0760726846197698
1.790713788377,0.973736019381258,0,0,0,0,0,0,0,0,0,0.882703790640289,0,1.05033329329142,0,1.00858620257538,-0.269109556619075,-0.177317589713215,0.00550764208384176,0.0142584285657011,-0.120256658977473,-0.0984270519924692,-0.157189944845512,0.00547209215829217
1.60186885505414,0.75533177917441,0,0,0,0,0,0,0,0,0,0.826933550206581,0,1.0472495971617,0,1.30810170590815,-0.136246927245123,-0.0482337741540018,0.0502168531742605,0.0818124669938486,-0.00397133189438131,0.0214148527687753,-0.0361301238042394,0.0944171564655708
1.47434590429453,0.976649563661034,0,0,0,0,0,0,0,0,0,0.883464828144571,0,1.09406181053522,0,1.39147213593211,-0.109669609710253,-0.0665913045090785,0.0561835596219026,0.0872502805834603,-0.00935964007854193,0.0320701044850292,-0.0175229906918448,0.109592852081742
1.32648553659726,0.71429319531395,0,0,0,0,0,0,0,0,0,0.803786168322041,0,1.00791345922376,0,1.01383646335267,-0.093600434207425,-0.0287117219646106,0.0486358494689009,0.0854718252193953,0.0131458592807868,0.0418859034439277,-0.0106950881700965,0.0856838779826526
1.40362749227737,0.946533687301707,0,0,0,0,0,0,0,0,0,0.794465557137324,0,0.861453007187542,0,1.36218574916737,-0.148308358829034,-0.109923030300252,0.038874971917376,0.0543648428690736,-0.0544561562243721,-0.0220138290863399,-0.060581640561698,0.081379427963346
1.30633688276251,0.955541180924101,0,0,0,0,0,0,0,0,0,0.820757644770315,0,0.878114062385786,0,1.17298779054944,-0.138290204929477,-0.108603448283593,0.0354641812650171,0.05437002413572,-0.0526087350814403,-0.0182189060912023,-0.0566441497568199,0.0698277076553236
1.6858316410515,0.835125270438304,0,0,0,0,0,0,0,0,0,0.724232479639708,0,0.883878269933783,0,1.41136094754316,-0.21185475680745,-0.12691865814017,0.0270487915554923,0.0339236153196128,-0.0779803172924852,-0.057923711555803,-0.106490279241731,0.0602288460394525
1.79239754049772,0.995909271008994,0,0,0,0,0,0,0,0,0,0.910762627753896,0,1.18214442002882,0,1.43615444819176,-0.183599428311399,-0.104128042197291,0.0434642929650129,0.0675387420250232,-0.0457677589161639,-0.011256298275295,-0.0715745820302919,0.0847446354854535
1.62610445315714,0.860574575515577,0,0,0,0,0,0,0,0,0,0.954987743638585,0,1.09990510995669,0,1.4021737960643,-0.124518301446062,-0.046177752776733,0.0595984630878378,0.0986914320720715,0.00425191734847993,0.0348792514032483,-0.0228867731237409,0.110583079827631
1.4995783526429,0.773189469510988,0,0,0,0,0,0,0,0,0,0.993625964833886,0,1.13585868557812,0,1.21917379636385,-0.0808180123045117,-0.00257029585869786,0.0676727668959423,0.120080812207226,0.042738607054646,0.0735953948412741,0.0129056347356696,0.118156001472086
1.7813420780704,0.715615584318335,0,0,0,0,0,0,0,0,0,0.964260242795596,0,1.06336202633198,0,1.42821961775852,-0.149574719911993,-0.0333861102064263,0.0586645876507665,0.100170669345142,0.00854896303462824,0.0261124295970697,-0.0382408400325932,0.106054839649817
1.76749239994401,0.769533429359244,0,0,0,0,0,0,0,0,0,0.736844167182829,0,1.11250763353144,0,1.42463950155704,-0.170438993226788,-0.0687678147837487,0.0439151670976576,0.0651712389903537,-0.0236731558232971,0.00189281691182255,-0.0599707182302868,0.0884583973387956
1.34311107114868,0.940686567368861,0,0,0,0,0,0,0,0,0,0.994681653156177,0,0.881132535513888,0,1.07907401434762,-0.139253231350033,-0.0967587657717665,0.0395010705446982,0.0714889019736244,-0.0416345329239513,-0.0126990877872714,-0.0553087894032405,0.0676778885109667
1.77324661802897,0.944276002984106,0,0,0,0,0,0,0,0,0,0.832636739820424,0,1.11231615883281,0,1.08697041396601,-0.239358814719358,-0.149458320977312,0.0150965746152213,0.0268620734448592,-0.0941237472024431,-0.0679884454334613,-0.128530901092547,0.0262899121966505
1.8864421753254,0.942059932575282,0,0,0,0,0,0,0,0,0,1.01101399097802,0,0.864275814593632,0,1.27784781666064,-0.284316130421893,-0.177697297198651,0.0142162478269236,0.0269792659981358,-0.12249258514974,-0.112660513107702,-0.166413494464056,0.023201367165524
1.42648250117324,0.914604880377937,0,0,0,0,0,0,0,0,0,0.762913138012237,0,1.17892795539953,0,1.07319403588917,-0.120368668520505,-0.0721151989423308,0.0407982097361664,0.0665357108380752,-0.0185193529521837,0.0237693932467794,-0.0312135121971776,0.0766455576253117
1.7522452953925,0.905832448516767,0,0,0,0,0,0,0,0,0,1.03119311609716,0,1.12661093674659,0,1.06102090332723,-0.203456601696655,-0.105957731135842,0.0318316842584966,0.0646392613275502,-0.0528759496527596,-0.0297366208560867,-0.0939412707346243,0.0480423247390035
1.35808615654647,0.965301934236586,0,0,0,0,0,0,0,0,0,1.05474417925362,0,0.90614317395015,0,1.23323360918971,-0.115429706995796,-0.0762764194918484,0.0527287383114103,0.0916667015722161,-0.0197097261455844,0.0121162796454967,-0.0305493222116416,0.0938164679166572
1.68501575816907,0.927092549925825,0,0,0,0,0,0,0,0,0,0.808382117363638,0,1.04419331569076,0,1.11746565199153,-0.222602549290682,-0.142283271273076,0.0180922598716036,0.0295655008998785,-0.0879556478474224,-0.0616743560558925,-0.117289064405115,0.0339338105857037
1.86316168807167,0.719203588861093,0,0,0,0,0,0,0,0,0,0.76169308092965,0,1.0498735863239,0,1.08180756009031,-0.248158209570029,-0.119493208022505,0.0151670983589728,0.0285902552198679,-0.0773478777152447,-0.0654568823017966,-0.131710604065549,0.0249319744760101
1.31020480010798,0.936020494614508,0,0,0,0,0,0,0,0,0,0.94273159550931,0,0.969279214321413,0,1.1644582362359,-0.102700544259507,-0.067597753352795,0.0506237792864389,0.085971567193832,-0.0127469523683849,0.0234339054685428,-0.0208127442527578,0.0919521222835039
1.48222408683586,0.958401795807871,0,0,0,0,0,0,0,0,0,0.803411045770597,0,1.07296974525869,0,1.07059685824251,-0.165548980622013,-0.113961605599957,0.0287671488428084,0.0470538164167655,-0.0577992603656153,-0.0217123481484716,-0.0729099751947717,0.0539150302014936
1.74002032549568,0.903969180823786,0,0,0,0,0,0,0,0,0,0.978576927760341,0,0.858270526732745,0,1.40441522655543,-0.219564163172957,-0.129964780694366,0.0330431887295583,0.0536468532382089,-0.0769921866980923,-0.061133168983039,-0.110812892829477,0.0622997963174883
1.852151883767,0.758035790246516,0,0,0,0,0,0,0,0,0,0.94308666400482,0,1.05420364582944,0,1.37237762139307,-0.191528575538108,-0.0710883011602689,0.0449024614944064,0.0772581629123962,-0.0266674038518231,-0.0111170749511301,-0.0757690828026703,0.0806335294517003
1.75746965136863,0.87943619565874,0,0,0,0,0,0,0,0,0,0.818243898157518,0,1.19800501139201,0,1.20786536658639,-0.188464311256286,-0.095986015626334,0.0339576615838473,0.0561341529003883,-0.0444510545607318,-0.0141747283898943,-0.0786224580457465,0.0630976155373382
1.40962889464757,0.764905472216663,0,0,0,0,0,0,0,0,0,0.942606082411418,0,0.913935381943927,0,1.23305812663543,-0.105045841209542,-0.0367709979194053,0.0563352602411895,0.0971457042646502,0.00805246275249105,0.0320977692965475,-0.0169440352940689,0.100963910242906
1.54605521179266,0.842941826708149,0,0,0,0,0,0,0,0,0,0.956543394372708,0,0.903398734634121,0,1.36368994508945,-0.145453151610436,-0.072424749310262,0.0500603447551572,0.0827709118232324,-0.0230283582651645,-0.000134489020454542,-0.0488247008733944,0.0930017912297515
1.84067327858142,0.9983429426576,0,0,0,0,0,0,0,0,0,0.820662360780005,0,1.03426319082503,0,1.36063045735441,-0.252701262656544,-0.166856491290206,0.0183495553883156,0.0232049146084134,-0.108353594850471,-0.0826306845945296,-0.137659182745205,0.0406814906799207
1.63559815000249,0.790814782002421,0,0,0,0,0,0,0,0,0,1.03593331434687,0,0.801753375301783,0,1.39278880810554,-0.173657242807553,-0.0806286453041265,0.0474388845259888,0.0818414223306483,-0.0342868990787847,-0.0224502227134096,-0.0714323584323971,0.0849858344993067
1.72030632055985,0.719785028807772,0,0,0,0,0,0,0,0,0,0.852205899976303,0,1.00162920366275,0,1.43244071685005,-0.15729685841833,-0.0516383198477153,0.0510869815323185,0.0819610280183961,-0.00945891715957983,0.00915906948142403,-0.0497777133833394,0.0972256424067041
1.67638300819088,0.738145297697334,0,0,0,0,0,0,0,0,0,0.835846974847341,0,1.18268155002421,0,1.01323034199189,-0.164354026192422,-0.0592652650087029,0.0368215116466874,0.0692318590604057,-0.0160099505636391,0.0083092297165562,-0.0595800881804913,0.0606917877427292
1.7861608711759,0.790460889146054,0,0,0,0,0,0,0,0,0,0.982292424025683,0,0.981957072831738,0,1.07454288053355,-0.228763181205168,-0.112663935029457,0.0249535679332976,0.0523389493301432,-0.066342926925498,-0.0551399720781676,-0.117128126756673,0.036121482531546
1.81382484186609,0.736247213042352,0,0,0,0,0,0,0,0,0,0.981896616998674,0,1.06864683036184,0,1.27596385650939,-0.180798760498314,-0.0594489100612567,0.046355696567056,0.0842645237428331,-0.0163048233769749,-0.00125687162372459,-0.0674347078816834,0.0790800614559799
1.89776539116443,0.869294832823983,0,0,0,0,0,0,0,0,0,0.973227223722749,0,0.95745432573007,0,1.2246275752671,-0.264707894672451,-0.147944946499379,0.0191358672416815,0.0370204596644606,-0.0970042692958939,-0.0860760590103258,-0.146097557724674,0.0305791183676634
1.9494616115332,0.711829036347189,0,0,0,0,0,0,0,0,0,0.806870742439836,0,1.12050073519199,0,1.01838668225743,-0.261215940302719,-0.118875186603126,0.0134311999948713,0.0302516293851882,-0.0771620050731806,-0.0668945618075353,-0.139374589581894,0.017520277214979
1.43963541016201,0.81706187132811,0,0,0,0,0,0,0,0,0,0.953472867065017,0,0.83558505165722,0,1.4699762124813,-0.108770187780174,-0.047631146964258,0.0614217412997818,0.0983734301423207,0.000248678695569216,0.0244192033203744,-0.018792974645049,0.117049434786051
1.90567441019326,0.768691478104243,0,0,0,0,0,0,0,0,0,0.978402580475398,0,0.934452825264978,0,1.18885285630825,-0.25778500872881,-0.126141844327885,0.0220281951276631,0.0449135919157992,-0.0810965237109767,-0.0760115297862203,-0.138680358091731,0.0330782734711223
1.34569528577456,1.01411866428092,0,0,0,0,0,0,0,0,0,1.06470075150985,0,1.10808191813524,0,1.45415687017775,-0.0444829019226423,-0.019310320016928,0.0798460101854049,0.1314772328173,0.0401170337099339,0.0870225546792203,0.0396230534382675,0.148838149672142
1.71519232208107,0.881822112634502,0,0,0,0,0,0,0,0,0,0.892726584334451,0,1.1343788365247,0,1.40342030847247,-0.155391392077352,-0.0704291684194118,0.0502001470994962,0.080518187843843,-0.01875439261903,0.0118064162105964,-0.0481918719472852,0.0955564009000318
1.67721805933914,0.847181844350458,0,0,0,0,0,0,0,0,0,1.02346025051447,0,0.841454879359394,0,1.20298044732616,-0.215097536110048,-0.120509579822284,0.0299032359314316,0.0564840990835717,-0.0708647237433471,-0.0589540676244897,-0.110271407401352,0.0490483924591369
1.50414238338398,0.689016910356011,0,0,0,0,0,0,0,0,0,0.819370622696467,0,0.819886297899622,0,1.42949537676491,-0.129110178412338,-0.0458958998855048,0.0531846329535017,0.0827575804842617,-0.00551950893864253,0.0117480042704651,-0.0351012794508399,0.103591112510259
1.58063021320887,0.871258732901929,0,0,0,0,0,0,0,0,0,1.07654263218882,0,0.916632918927484,0,1.27035529499562,-0.157506087371158,-0.0788600254160782,0.0483666668321963,0.0872268654223328,-0.0278042636680251,-0.00739351952309911,-0.0587166990456029,0.0831510791874979
1.89113660860119,0.704115739482572,0,0,0,0,0,0,0,0,0,0.757069870185952,0,0.928469501503725,0,1.41979996444942,-0.236578451746283,-0.108989105101927,0.0277721165265566,0.0400475587395621,-0.0677279227682482,-0.0587221297249662,-0.118382413708709,0.057019608226106
1.57878154981599,0.904385982401133,0,0,0,0,0,0,0,0,0,0.964551353121275,0,1.06567363522421,0,1.12116434234415,-0.162242068574966,-0.0887578172055382,0.0393724992267118,0.0716722158332918,-0.0357607986368319,-0.00727822041200932,-0.0635682217114663,0.0670732554994697
1.65851193723146,0.735838075027662,0,0,0,0,0,0,0,0,0,1.07649482386179,0,0.814880828888816,0,1.2105034878698,-0.187454457932793,-0.0796927462057962,0.0412444474812693,0.0794032610026993,-0.0365726350091752,-0.0301219123937682,-0.083797461855827,0.0662677590254587
1.33368521981752,0.994572865378783,0,0,0,0,0,0,0,0,0,1.03697602657904,0,1.0171849255521,0,1.32667033314469,-0.0777712889899746,-0.0487793855282817,0.0652943815226335,0.10928847243769,0.00950258438291504,0.050316813901342,0.00558403724862078,0.120075369410917
1.32623129829015,0.812210902521606,0,0,0,0,0,0,0,0,0,0.997321261373927,0,1.15653409664149,0,1.0659515338145,-0.0494981930463519,0.00532741262447149,0.0686654502632016,0.124591163152745,0.0529229715122376,0.0907864394472624,0.0333912630967824,0.117349472070929
1.74890274320927,0.730857039144229,0,0,0,0,0,0,0,0,0,0.754421322535458,0,0.92695812680483,0,1.30945097927627,-0.212632632454574,-0.10391542733431,0.0282882431938235,0.0425954416046183,-0.0610872048404585,-0.0471488488221631,-0.103326211003994,0.0564128876785411
1.60677957366542,0.978870721962669,0,0,0,0,0,0,0,0,0,0.801823312523195,0,1.02097894962127,0,1.11361484187402,-0.214339331919157,-0.150298595590472,0.0175980520221018,0.0270657094622408,-0.0929367712834594,-0.0627651790967536,-0.113915608565068,0.0345703030755795
1.56489497396946,1.01686229408271,0,0,0,0,0,0,0,0,0,1.0528997154334,0,0.95175822515107,0,1.37829589311706,-0.160067366350265,-0.105133403607895,0.0472663486046873,0.0787412057025267,-0.0455452731746484,-0.015438586773473,-0.0622614304771741,0.0872660598170469
1.78234994664693,0.809623264553413,0,0,0,0,0,0,0,0,0,1.05558677347127,0,0.904241204676513,0,1.00862311784548,-0.249196570426539,-0.132134752917898,0.0188506006113588,0.0462172328126035,-0.0846908296150683,-0.0782813921936891,-0.137799698761107,0.0211163544855019
1.45260458155092,0.92373178551938,0,0,0,0,0,0,0,0,0,0.944697527698822,0,0.958822561703112,0,1.39917877224506,-0.115485465919207,-0.0659608719675368,0.056438019563336,0.0902493209155269,-0.0118301893361012,0.0210928986967304,-0.0246976795722747,0.107683451464433
1.44809484105313,0.810011225100935,0,0,0,0,0,0,0,0,0,0.899653250180648,0,0.861107645981049,0,1.36119021669727,-0.125022585862841,-0.0610867179446423,0.0523239427581009,0.0841688278170252,-0.0136200601537276,0.0104352307923192,-0.0345166582970201,0.0993734513562023
1.95361851414972,0.86880550598389,0,0,0,0,0,0,0,0,0,1.0236625012771,0,0.824960447093439,0,1.07679272473714,-0.325983163761377,-0.19661044575188,-0.000641393646103675,0.00967878974387353,-0.145698443101224,-0.146088812069149,-0.203882006627019,-0.011113742148642
1.35949000609846,0.696662376731291,0,0,0,0,0,0,0,0,0,0.879447708898153,0,0.965541399113233,0,1.26360812605154,-0.0680917882629037,-6.55235369188822e-05,0.0661812038007309,0.111469378519001,0.0407588917395348,0.0678905413967623,0.0168763371182503,0.121062661050632
1.38728895567943,0.751922283316721,0,0,0,0,0,0,0,0,0,0.992640606248032,0,0.875377678535075,0,1.49560690612682,-0.0634614018877339,-0.00051770373354873,0.0768618650287828,0.126364297368475,0.0435449420688111,0.0689873271607065,0.0232441578422304,0.143459495144771
1.93951689489902,0.993514408214183,0,0,0,0,0,0,0,0,0,0.78976952983239,0,1.09127083730172,0,1.298521093396,-0.281632716456981,-0.182655723703069,0.00959471724400526,0.00982694107407743,-0.124435779381718,-0.100343446076693,-0.160412910525792,0.0234028365401104
1.41750574163016,0.875575249063135,0,0,0,0,0,0,0,0,0,0.751333445287615,0,0.963154134810774,0,1.02017333805746,-0.167253315270744,-0.112532860608883,0.0245543808625612,0.0398987565193588,-0.0612241510137837,-0.031176511350357,-0.0786592064188588,0.0462637260385262
1.33527517505105,0.835523637862661,0,0,0,0,0,0,0,0,0,1.04806106485633,0,1.18482995426765,0,1.21904401463613,-0.0240383944624109,0.026635162464486,0.0819440685981235,0.144504463937928,0.0755968476432378,0.116799151270505,0.0594163039782797,0.143904914070196
1.60098415872244,0.853938168732479,0,0,0,0,0,0,0,0,0,0.800424301099257,0,0.932204058844986,0,1.39080337940129,-0.172167633064871,-0.0983258164440614,0.0388487858476343,0.0569097080412928,-0.0482850397563382,-0.0232025379416491,-0.0721061231447184,0.0789395431893262
1.3816757111534,0.826536171185807,0,0,0,0,0,0,0,0,0,0.793426171796243,0,1.01417432845697,0,1.45709338355626,-0.0720846340024142,-0.0245309166211457,0.066003690357406,0.100125994533069,0.0239041030103425,0.0613407482626671,0.0142700979446733,0.13094200524461
1.48836815596155,1.00335645768971,0,0,0,0,0,0,0,0,0,1.07207748657173,0,1.03036899770088,0,1.22288703986002,-0.13465787564046,-0.0843741903711743,0.0501599435517849,0.0889320752279689,-0.0255775019505573,0.00839430873292166,-0.0416348658928636,0.0876465950070002
1.56965237571492,0.985519321749022,0,0,0,0,0,0,0,0,0,0.907579347912345,0,1.14755588821212,0,1.4921158762446,-0.112800836779585,-0.0609431433043225,0.0609382624089371,0.0940453917381468,-0.00319171104983001,0.0385839633471058,-0.014697563297402,0.11941139044563
1.44733569531467,0.738819509607895,0,0,0,0,0,0,0,0,0,0.845619377131552,0,1.05824585361653,0,1.48795361023604,-0.0562431991198233,0.0109481873175912,0.0762468680928749,0.120860683080358,0.0542430105806138,0.0876655643785987,0.0342152818373434,0.146462337864979
1.70390984963064,0.995434951144516,0,0,0,0,0,0,0,0,0,0.936357767778087,0,1.00556199514732,0,1.34512364495127,-0.204952290634187,-0.132456028719749,0.0328369076466922,0.0519742999681984,-0.0741235405826809,-0.0464340858394294,-0.0984579250322725,0.063146743545606
1.67109521768271,0.749316702908153,0,0,0,0,0,0,0,0,0,0.834281330320968,0,1.14424251879534,0,1.1312348794139,-0.15778905788036,-0.0570841617363934,0.0414041487178345,0.0731682491710578,-0.0131742029459755,0.0115374021322837,-0.0533456067751911,0.0725690223435579
1.89005223538389,0.722802341746397,0,0,0,0,0,0,0,0,0,1.05117953613207,0,0.854340586843587,0,1.11104180617842,-0.264582881381806,-0.12491876163946,0.0203640639238504,0.0477064347912515,-0.0825625444131208,-0.0845865368329623,-0.146454616670313,0.0248641589511769
1.45791730858288,0.773635120341577,0,0,0,0,0,0,0,0,0,0.726812628721951,0,1.08517000325009,0,1.1478747060958,-0.119021841227693,-0.0506572593467443,0.0444405838032344,0.0714539225674681,-0.005322241294728,0.0272885225353851,-0.0279020094412629,0.0844324963102759
1.82450588820891,0.852929087705413,0,0,0,0,0,0,0,0,0,0.987059632210092,0,1.07912856314608,0,1.18259261709259,-0.21549272588026,-0.105563127765245,0.032237558983023,0.0612660964473716,-0.0555814832257077,-0.0373016316142539,-0.101461107867203,0.0525328891305472
1.89710641752313,0.868073441920093,0,0,0,0,0,0,0,0,0,0.898857289818267,0,1.02912254479475,0,1.06484803673569,-0.277981698240645,-0.160075410274277,0.00879175364088454,0.0213430057865016,-0.109206306577759,-0.0959917997110939,-0.15941254714545,0.0100446311334096
1.73252855640097,0.752460216259999,0,0,0,0,0,0,0,0,0,0.749183965190627,0,0.833498298140887,0,1.44404447000348,-0.215126254410314,-0.113513378664435,0.0298587009356665,0.0403413404778885,-0.0694192099915986,-0.0566689912379398,-0.106843219635253,0.0638121283618361
1.6752092976669,0.967994701947534,0,0,0,0,0,0,0,0,0,1.01824753693652,0,0.849071574990721,0,1.33648032309122,-0.21799292490351,-0.142123759845456,0.0305602386494924,0.0514174610879531,-0.0853992703113309,-0.0665092401639384,-0.113292343799329,0.055953750596194
1.76720104086495,1.01349514633281,0,0,0,0,0,0,0,0,0,0.834489778983825,0,1.167204771764,0,1.4887323129436,-0.183949846121427,-0.112777529719502,0.0413383508102475,0.0587962286950237,-0.0533867141443995,-0.016218668048431,-0.0734997810673678,0.0856247664644784
1.4168605006814,0.953763870213882,0,0,0,0,0,0,0,0,0,0.767590991485628,0,1.06097200194529,0,1.4888174445663,-0.0949461172996557,-0.0608717410674773,0.0582369219746467,0.0831397337552861,-0.00498117827294378,0.039050048730206,-0.00639233600706834,0.12034211846333
1.73649841306465,0.991316512805366,0,0,0,0,0,0,0,0,0,0.759511886162103,0,1.16878123831363,0,1.45220070681287,-0.183248269542686,-0.114166508951705,0.0377551126246089,0.0509301956376318,-0.056075361301311,-0.0179962032459619,-0.0747171187261456,0.0807615577057716
1.33703817314752,0.820235148424675,0,0,0,0,0,0,0,0,0,1.02963540318841,0,1.08715591816418,0,1.0877685809766,-0.0634008935555962,-0.0073562369777581,0.0660075697691724,0.120442994010888,0.0407095427199279,0.0749486508082141,0.0201639922661241,0.112183997831752
1.8710152100073,0.733231143484395,0,0,0,0,0,0,0,0,0,1.06292286976432,0,1.05801315300528,0,1.20012905487551,-0.201486373202182,-0.0688475715678367,0.0421507250512507,0.0829909718653898,-0.0258802265596512,-0.0157851697159807,-0.0845479225767258,0.0660211495661295
1.84959058710679,0.735436932317931,0,0,0,0,0,0,0,0,0,0.916360638938368,0,0.988161396454966,0,1.46695216405452,-0.191707102536875,-0.070898329107169,0.0464845598371534,0.0762758747507221,-0.0278017248733382,-0.0145870921296553,-0.0761076908427011,0.0868971337833831
1.3324262070412,0.900556756172047,0,0,0,0,0,0,0,0,0,1.07495254053477,0,1.15775938660771,0,1.23925314731949,-0.035630932260501,0.00685742695669497,0.0787557102596773,0.138339348139171,0.0596300528683769,0.102032155658674,0.0476457056795739,0.138807036836273
1.8957338396554,0.905673138610912,0,0,0,0,0,0,0,0,0,1.06341150584603,0,1.17260553778424,0,1.47646969566251,-0.178485603415197,-0.0716289043749213,0.0547472623876563,0.0939337028347422,-0.0185564584523219,0.00656562954664047,-0.0600022384367346,0.0985554924955235
1.87679431646131,0.852437986843954,0,0,0,0,0,0,0,0,0,1.06176653335707,0,1.11023916428772,0,1.43634951569332,-0.182239096567019,-0.0696435368937166,0.0526380205252384,0.0920394681301046,-0.0196906708646609,0.000548374509596383,-0.0649394517881869,0.0931649469054685
1.54855398139779,0.951462657061368,0,0,0,0,0,0,0,0,0,0.785637955578896,0,1.1249401298913,0,1.49290418737834,-0.118623770503557,-0.0679168073988816,0.0551447653322135,0.0796355183224258,-0.0121610956950853,0.0296638730246005,-0.0218391466661956,0.113111483097001
1.59169948191747,0.756588651253297,0,0,0,0,0,0,0,0,0,0.740424299820888,0,1.02594611459153,0,1.11851389952098,-0.173305314968469,-0.0845474925886281,0.0309670127317142,0.050957245157066,-0.0402113976251849,-0.0168557908197316,-0.0738240973486275,0.0577560481552741
1.71274947472787,0.860213038437551,0,0,0,0,0,0,0,0,0,0.745938688295606,0,0.885263828112761,0,1.35251251276562,-0.230064160179331,-0.143137147806092,0.0210151845704798,0.026003638156438,-0.0927286637536512,-0.0737705717804197,-0.123017318008839,0.0471199678102808
1.7702581878168,0.802815699288825,0,0,0,0,0,0,0,0,0,0.828927044291337,0,1.09247353367707,0,1.48762255511411,-0.163169596351832,-0.0643267295763193,0.0502666558616505,0.0772191600119429,-0.0172817295979941,0.00810248075786221,-0.0525284596132825,0.0988295753386758
1.51986547698413,0.8230349420766,0,0,0,0,0,0,0,0,0,1.07515947866081,0,0.835288977693084,0,1.38475230775163,-0.132662552506301,-0.057367624388708,0.0577810294646887,0.100004286595967,-0.00913777678301916,0.00937045033551151,-0.0376709601947929,0.103217353925034
1.43401371857063,0.800045783258503,0,0,0,0,0,0,0,0,0,0.764308114972917,0,1.07417585653961,0,1.30824955956909,-0.0932213630534259,-0.0336974208530675,0.0566279756015581,0.0883592327709971,0.0131852620458808,0.0488793417601893,-0.00359550564276173,0.110072808098441
1.84682064456713,0.683593173423808,0,0,0,0,0,0,0,0,0,0.96306071477335,0,0.811389856781973,0,1.37427879134087,-0.228092738675683,-0.096426021057375,0.0347365158637104,0.0611775946212907,-0.0563674610947398,-0.0555477711759716,-0.112666448390238,0.0610746569526942
1.58489353157461,1.0030622508096,0,0,0,0,0,0,0,0,0,1.00525419824492,0,0.949180813016165,0,1.49334254250197,-0.154265028528958,-0.0987329449054807,0.051113864700043,0.0803823021754682,-0.039953497008038,-0.00905512937252723,-0.0552091828055447,0.0987752584167911
1.88831741843499,0.930058206319635,0,0,0,0,0,0,0,0,0,0.888207071703583,0,0.832447307913215,0,1.01604162502521,-0.338813313261212,-0.22748688508531,-0.0129105719910291,-0.0163506841046307,-0.172985474194979,-0.167167452411379,-0.220793474609024,-0.0286010013305939
1.48226975728161,0.938609710989783,0,0,0,0,0,0,0,0,0,0.833220482280174,0,1.17124907155033,0,1.49463572897313,-0.0795147747501047,-0.0347234388254772,0.0673056104582008,0.102103815149955,0.0202790902385241,0.0657941889470001,0.0131270850799961,0.133522207546517
1.44918329136422,0.805106522837027,0,0,0,0,0,0,0,0,0,0.828941289994474,0,0.961555819761576,0,1.21029517397298,-0.13007330986711,-0.0646447984015887,0.0449978009057993,0.073682265440444,-0.0174655561633389,0.0101429944695237,-0.0394993541568456,0.0842601110020989
1.78709066255391,0.770939242304354,0,0,0,0,0,0,0,0,0,0.906796902568706,0,0.898480869163498,0,1.29743131841858,-0.22282998510667,-0.110175489983296,0.0301022869955694,0.0516342957617693,-0.0649984503842612,-0.0545866847578642,-0.11113681869705,0.0542030589647208
1.3071770369748,0.90208731534442,0,0,0,0,0,0,0,0,0,0.828076057130736,0,1.12709046743923,0,1.21772528317538,-0.0657249253470965,-0.0319586088193469,0.0603496128681261,0.0974306457693431,0.0209037078598362,0.0658607755720302,0.0159736394638287,0.114290888584249
1.65646108456957,0.990623026257123,0,0,0,0,0,0,0,0,0,0.784058473232116,0,0.87470879121465,0,1.46554485275877,-0.219753032073131,-0.15790604215652,0.0250562552733302,0.028436153396439,-0.0998555328178528,-0.0732166035362029,-0.116224214287533,0.0585532264735925
1.75820827469244,0.736556557399215,0,0,0,0,0,0,0,0,0,0.876245413432006,0,1.19781155590876,0,1.16577923413775,-0.161157604038644,-0.0480680996173432,0.0450715776360519,0.0810781103678162,-0.00490588535374933,0.0184957585558816,-0.0512695868703665,0.0776767580700725
1.6986846147297,0.942873646729169,0,0,0,0,0,0,0,0,0,0.974163047745469,0,1.08231922508536,0,1.33273316749753,-0.173629099070429,-0.09452687224658,0.044079477580541,0.074103767198822,-0.0392744765482507,-0.0103371033300846,-0.0674613106498229,0.0807617767764044
1.54886834523942,0.850830236181851,0,0,0,0,0,0,0,0,0,0.742656206014357,0,1.05482151723595,0,1.423157197615,-0.129925999021688,-0.0653484572888386,0.0497554386597933,0.0722908697221104,-0.0154898054485821,0.0186677546237986,-0.033121727444224,0.101652205920291
1.8659822672689,0.937966081468585,0,0,0,0,0,0,0,0,0,0.75898825747628,0,0.95352181783047,0,1.38085094949763,-0.27175235550225,-0.17636077261806,0.0123253810515946,0.0108443551821939,-0.121395960244001,-0.101790599360916,-0.155128463797944,0.0317072577295344
1.94768373374286,0.921740170394886,0,0,0,0,0,0,0,0,0,0.963258143451221,0,1.00697570138543,0,1.19801954580214,-0.283624494486569,-0.167342820290853,0.0129981590551277,0.0265493137779966,-0.113328846305713,-0.100118382157375,-0.16189426112764,0.0194748726903469
1.90430275114788,1.01719732040236,0,0,0,0,0,0,0,0,0,0.92371321688493,0,1.09367725545838,0,1.38150025783403,-0.248260148582837,-0.155238562434749,0.0250170073812333,0.0383840328057303,-0.0956307994591705,-0.0698273996402864,-0.129241226636094,0.0492293806283698
1.67359291351188,0.88389628935908,0,0,0,0,0,0,0,0,0,0.836728246306423,0,0.898404956679915,0,1.30565222571526,-0.215336664005225,-0.133176648748713,0.0259761666619346,0.0388246186654263,-0.0813803261922705,-0.0612324523408488,-0.110737106910733,0.052069467412618
1.61891862399711,0.7630503017569,0,0,0,0,0,0,0,0,0,0.755045625360544,0,0.824113070503428,0,1.43971082071328,-0.18368754825983,-0.097344939720989,0.0365499209378394,0.0510938639111356,-0.0526301920380346,-0.0357129829119083,-0.0825051342600108,0.0765302714663476
1.5307998349418,0.828473356088341,0,0,0,0,0,0,0,0,0,1.03257961398695,0,0.808558039944202,0,1.46095462914946,-0.137695476058516,-0.0642158772288047,0.0569466523010262,0.0945441910783504,-0.0156673385620278,0.00294154408670738,-0.0420204863746538,0.105437296522897
1.70234695429507,0.846657517933216,0,0,0,0,0,0,0,0,0,0.816867473549759,0,1.14652203868658,0,1.47555978600577,-0.140984347995269,-0.0567022273289949,0.0541879538777542,0.0827075939249965,-0.00708809677810843,0.0252139736660802,-0.0345876633518275,0.107033950930721
1.34749132047687,1.00168691063893,0,0,0,0,0,0,0,0,0,1.00745863728425,0,1.00906740565176,0,1.40682303423229,-0.0778188443686011,-0.0504113839852267,0.0665963166373239,0.107923505174295,0.0082874689782147,0.0499423717061524,0.00639936316120329,0.125744067865226
1.52938683613487,0.961834186731963,0,0,0,0,0,0,0,0,0,0.854873802146696,0,0.948792767742072,0,1.00925594211518,-0.211256974438706,-0.150577492442248,0.0157297208624008,0.0285953265227614,-0.0942140090997553,-0.0673875001275179,-0.115670297180277,0.0268319982822109
1.75077041794031,0.908594900668952,0,0,0,0,0,0,0,0,0,0.945555474533886,0,1.1754051233975,0,1.46660224851857,-0.147814236523749,-0.0622087760837464,0.0564371167049343,0.0913225354177305,-0.00896511490454591,0.0234127680109275,-0.0383910854024795,0.106688838039289
1.93855695584497,0.776682953315666,0,0,0,0,0,0,0,0,0,1.0746264193949,0,0.829850972388867,0,1.16811277178494,-0.284980543466296,-0.146557354501545,0.0167485588036446,0.0401542594469804,-0.101043733437247,-0.103588689197398,-0.163820733725985,0.0196017360742907
1.4945201241712,0.991771507031012,0,0,0,0,0,0,0,0,0,1.06707216443784,0,1.17650635234201,0,1.05543511612866,-0.124556412970096,-0.0696878894766713,0.0494811502359023,0.0931768576744362,-0.0115700791646541,0.0266223526212839,-0.0311489052093965,0.0814267897696741
1.48990643661007,0.752282912253553,0,0,0,0,0,0,0,0,0,0.999508205916355,0,0.810578552808355,0,1.09914593715143,-0.16252242717559,-0.0774154402627613,0.039123312197593,0.0744937006405287,-0.0333316616047031,-0.0204831289652546,-0.0694032748874603,0.0636228480038805
1.86782605158002,0.995587842551388,0,0,0,0,0,0,0,0,0,1.01041784420913,0,1.1872582236691,0,1.02296131247649,-0.250077877593876,-0.149682283628907,0.0177382786420389,0.0403740444648164,-0.091340836055396,-0.0664745289367656,-0.133338749370125,0.0227492837299961
1.51884712765662,0.923617090456659,0,0,0,0,0,0,0,0,0,1.06000314343994,0,0.891111386652375,0,1.44539457399955,-0.132139003701923,-0.071913771328717,0.0577245242304167,0.0959625038043918,-0.0177898098279568,0.00837073805614993,-0.0372110582233839,0.10676031623934
1.77402689431725,0.7493762578696,0,0,0,0,0,0,0,0,0,0.963154104123385,0,0.801644871527003,0,1.17823529796296,-0.24613595626887,-0.127598670280531,0.0215040250279025,0.0427204434140449,-0.0836852215693728,-0.0807077626441879,-0.135259275374042,0.0333300199766525
1.58564981942808,0.773184823638949,0,0,0,0,0,0,0,0,0,0.781317437391592,0,1.17805034761138,0,1.08362941533577,-0.140348378760798,-0.0539291892477446,0.0414454078578947,0.071608323842596,-0.00862055858250213,0.0219918116867464,-0.0412452650465428,0.0741499369093769
1.76749911996766,0.937302020537726,0,0,0,0,0,0,0,0,0,0.767268618539654,0,1.0998350929977,0,1.22187832439545,-0.228365315532154,-0.142750935264625,0.0197081552067149,0.0281843179113345,-0.0878250368611139,-0.0596219579779076,-0.117896620534176,0.0406803758109116
1.49438251809772,0.828247273904738,0,0,0,0,0,0,0,0,0,1.04704288085459,0,1.11338278408246,0,1.41642461055168,-0.0620403708195201,0.00574948862324473,0.0792105652003037,0.135040655135037,0.0542847788740623,0.088337334537636,0.0313585365615875,0.143394613925414
1.38840789788813,0.847296270505489,0,0,0,0,0,0,0,0,0,0.992591219556485,0,1.00385163873966,0,1.11953220907826,-0.103149910395603,-0.0450357038376422,0.054189581207887,0.0975365886228014,0.00461585761397934,0.0347948876781914,-0.0163744167775951,0.0933387584915027
1.62075198846989,0.993010758041794,0,0,0,0,0,0,0,0,0,0.940613841415698,0,0.981864550982511,0,1.01861117532256,-0.227197272759656,-0.157392524496776,0.015778887603086,0.0320470705830875,-0.0992020940755264,-0.0740947653663964,-0.125900273480288,0.0238093366200329
1.67223003529536,0.695541187395945,0,0,0,0,0,0,0,0,0,0.929673792012283,0,1.15934662367147,0,1.09108413747459,-0.13931174059303,-0.0285227599845918,0.0498976065505116,0.0936111882810003,0.0122359535968106,0.0337461134983631,-0.0347973633870695,0.0824353824652403
1.51775529888492,0.688088384451256,0,0,0,0,0,0,0,0,0,0.797321579729555,0,1.01475408667798,0,1.40777684634078,-0.094741308868274,-0.011358981516338,0.0632344538984237,0.100341420384251,0.0289629978125055,0.0551714313149984,0.000118397312033502,0.121367962800552
1.66574799227472,0.82569955329462,0,0,0,0,0,0,0,0,0,1.00287842006399,0,0.989194370074976,0,1.06400245904107,-0.195231338371222,-0.0980266520748996,0.032132386908327,0.0642745776287363,-0.049640658251835,-0.0325366060979566,-0.0911220888540514,0.0493972632709687
1.92392328363613,0.929845576274364,0,0,0,0,0,0,0,0,0,0.933447782749924,0,0.852316116640757,0,1.03300981395061,-0.338023809661933,-0.2216252329366,-0.00984688037899166,-0.00950278309813583,-0.167136282166923,-0.16209902035926,-0.217778604434675,-0.0245560065484069
1.54868158286424,0.92696201715054,0,0,0,0,0,0,0,0,0,0.961926706602766,0,1.07076202726413,0,1.31945881865599,-0.129621782184621,-0.067213978198048,0.0532540243264109,0.0888162352154243,-0.0128940039930264,0.0206040478136925,-0.0328291832556055,0.0982283607986074
1.67753869730028,1.016830311006,0,0,0,0,0,0,0,0,0,0.869931609648372,0,1.11672045076113,0,1.39823811304944,-0.176089290083812,-0.113319718021326,0.0401831084698063,0.0600600373566402,-0.0537334617963739,-0.0171742873183991,-0.0712431215025443,0.0805461453116434
1.32620452507096,0.686278205033439,0,0,0,0,0,0,0,0,0,0.743581990635862,0,0.813231359907175,0,1.34001739320338,-0.0951450783647127,-0.0337443877652122,0.0544438410634293,0.0832689112522008,0.0064715150497473,0.0299270844716838,-0.012257295547778,0.107381626204471
1.32244919925589,0.969647267711677,0,0,0,0,0,0,0,0,0,0.788509340214161,0,1.1639601494706,0,1.45501184088994,-0.0474515706024528,-0.0268154247843382,0.070238269477367,0.104794633911523,0.0300059051035661,0.0825435600938099,0.0352015043510405,0.140964385461373
1.38357170478569,0.800245525974894,0,0,0,0,0,0,0,0,0,0.728237928206716,0,0.95916504606185,0,1.36582757984682,-0.0997531840329992,-0.047785143813886,0.0534083362662706,0.0790305595520498,-0.000890755991757142,0.0324108091187156,-0.0132799524838935,0.107791883751483
1.66470636263232,1.01430242327063,0,0,0,0,0,0,0,0,0,0.995612434621237,0,0.850500530654918,0,1.45178370586469,-0.210132108968886,-0.144553453407327,0.0342751497098948,0.0525945370510155,-0.0851153314036684,-0.0620951747486626,-0.106087961304366,0.0674427410561642
1.52160887486901,0.846901921058526,0,0,0,0,0,0,0,0,0,0.814953427344402,0,0.814762590974009,0,1.08763548811108,-0.211533381073979,-0.138815412378065,0.0174204039794199,0.029082020692881,-0.0891869598040354,-0.0713971166842267,-0.116432826394666,0.0321059949277289
1.77405277961989,0.720323606492417,0,0,0,0,0,0,0,0,0,0.961508590589715,0,0.801146260941729,0,1.28385247961381,-0.226853781179261,-0.106959799484206,0.0304272334680229,0.0552545413203614,-0.0647488361437499,-0.0614448458826157,-0.115975482453018,0.0519583447182942
1.52398826354474,0.88638002267577,0,0,0,0,0,0,0,0,0,0.98575471469798,0,0.981386590773317,0,1.18032416627468,-0.150420487827796,-0.0815959491111356,0.0438569678994049,0.0780909127661114,-0.0296540797823354,-0.00334599742998465,-0.0551712213562496,0.0763247139273373
1.32034663605264,0.908519595475463,0,0,0,0,0,0,0,0,0,1.02531265231139,0,1.14898720669603,0,1.18850739785953,-0.0477377779073074,-0.00782024770558296,0.071738321175595,0.125637073295462,0.0454190005892792,0.0881352477125592,0.0347838868459829,0.126786077608358
1.32078206267823,0.943413101026696,0,0,0,0,0,0,0,0,0,0.80261680956669,0,1.12273013407787,0,1.15561887796041,-0.0898715438484404,-0.0588919381665084,0.0503345838059743,0.0805453693835185,-0.00360793044634397,0.0416932566389254,-0.00732266493105127,0.0959864112259302
1.55215366390441,0.822282054654194,0,0,0,0,0,0,0,0,0,0.951887764848073,0,1.0766885697403,0,1.15088002923414,-0.133575278538185,-0.0540374707637693,0.0489685523059864,0.0878949810417079,-0.00585174236103347,0.0216152203545278,-0.0365656745441596,0.084571429051474
1.84651567755184,0.94195576690148,0,0,0,0,0,0,0,0,0,1.04561579757052,0,1.14986972293291,0,1.42591236268624,-0.183809810700252,-0.0868858097324419,0.0494868743780096,0.0847052403156554,-0.0316872017920153,-0.0048464132157828,-0.0684025808532618,0.089273206128981
1.84407660760755,0.97904684424551,0,0,0,0,0,0,0,0,0,0.790837561933725,0,0.836059967351635,0,1.09356298610282,-0.333947929700374,-0.238515979874584,-0.0143471140483486,-0.0261103089743889,-0.181143834801797,-0.169205162959973,-0.218693141724902,-0.0244472440342453
1.72868025052967,0.882546196677501,0,0,0,0,0,0,0,0,0,0.751828012738185,0,1.11906614139828,0,1.35567617830271,-0.185505677599089,-0.101249926108536,0.0355409350675242,0.0513385346650551,-0.0495327189832344,-0.0189672955645819,-0.0774631619409844,0.0728883835999412
1.59316020120811,0.780670271457566,0,0,0,0,0,0,0,0,0,0.831436477536758,0,1.01572913593714,0,1.03038384242026,-0.182090411754269,-0.091963377175594,0.028650810440741,0.0528072780718377,-0.0462160992681808,-0.0249188655377726,-0.0825178991787617,0.0482054784540365
1.85342913609549,0.996553372284038,0,0,0,0,0,0,0,0,0,0.892342403925503,0,1.01967504179673,0,1.0298104557127,-0.295898541359389,-0.199123976578658,-0.000652435283697531,0.00348316365618236,-0.140725948962814,-0.121759392632349,-0.180059220353422,-0.00542690289150724
1.90332515492104,0.844077492103104,0,0,0,0,0,0,0,0,0,0.999835128563768,0,0.988241727341379,0,1.42092635218299,-0.22547370951132,-0.108685632799389,0.0375301537267609,0.0642299056451762,-0.0592226917621467,-0.045647413885253,-0.106515887328755,0.067712203493279
1.40528926487572,0.940657457005883,0,0,0,0,0,0,0,0,0,0.772276776513869,0,1.15750017773636,0,1.42559416579006,-0.0751194712312528,-0.040119654493422,0.0629562620791183,0.0936609572858999,0.0150028724871228,0.0627527927273156,0.0127111078234799,0.126598335734478
1.61535250253781,0.994840071825272,0,0,0,0,0,0,0,0,0,0.983269060431296,0,1.18959055090899,0,1.45085648847035,-0.116321311496063,-0.0574984332200384,0.0623558963538297,0.100991873096359,0.00079919498892253,0.0416478713627885,-0.0153617800874495,0.117792721372842
1.35564291669694,0.977197197393582,0,0,0,0,0,0,0,0,0,1.05562149921561,0,0.855317298752968,0,1.20374625341705,-0.132179869913286,-0.093766562133521,0.0465453333205991,0.0816559553631423,-0.0365028063662571,-0.00701939066215468,-0.0474521876197271,0.0821321504403952
1.76268383434662,0.756401021426411,0,0,0,0,0,0,0,0,0,1.03861057469648,0,1.11833704913767,0,1.3100881346906,-0.146438508580791,-0.033813149302132,0.058115922792202,0.10501691437162,0.0105119505534556,0.0304208911760091,-0.0362707689341269,0.0997198737940929
1.56787572076724,0.729660755465749,0,0,0,0,0,0,0,0,0,0.724062607646129,0,1.05743877520656,0,1.19263347478858,-0.145667740847231,-0.0587483260081339,0.0406214461038515,0.0649657662444548,-0.015990205737841,0.0100144180549334,-0.047675508299278,0.0774976321046464
1.80428996092645,0.981964061156175,0,0,0,0,0,0,0,0,0,0.744196027768382,0,0.878874108480223,0,1.14805640167646,-0.310407555570848,-0.223019966219909,-0.0081972323663016,-0.0192978822299385,-0.165476872236157,-0.148441637698666,-0.197639433012945,-0.00992144771553405
1.47187552511191,0.753558400480082,0,0,0,0,0,0,0,0,0,0.899397943770346,0,0.806782856794438,0,1.38915975981378,-0.130405510790145,-0.0564843991905952,0.0526194841124715,0.0848096665826055,-0.0123258769224624,0.00638938052256288,-0.0384132904706506,0.0997819014536998
1.72942247322119,0.86753852261612,0,0,0,0,0,0,0,0,0,1.03716858510539,0,0.802381580530937,0,1.20339072050576,-0.242372921133318,-0.143183836914078,0.0229483621032074,0.0450708597062759,-0.0923460794887737,-0.0837394025580337,-0.134284016556994,0.0360481164781634
1.32417543008766,0.827010161838135,0,0,0,0,0,0,0,0,0,0.983701388912409,0,0.961560506600218,0,1.20841823258432,-0.077921980740528,-0.0270925964901081,0.0624538832989791,0.108419053751923,0.0213701989936066,0.0525072810534767,0.004838983639951,0.111262378516659
1.94725705950837,0.863277991471443,0,0,0,0,0,0,0,0,0,0.760289726454668,0,1.12432628398163,0,1.19020516252849,-0.270157544580558,-0.152280519088089,0.0114513743321826,0.0173743088971596,-0.101692428787862,-0.0823675345700276,-0.148453978361284,0.0227152750565422
1.75548110728721,0.715624088732077,0,0,0,0,0,0,0,0,0,0.730451272863354,0,0.874543000219762,0,1.49844387087906,-0.200996751636924,-0.0938056007863907,0.0361295395669681,0.0495968170116485,-0.051870029186691,-0.0384167127500391,-0.0912791824314738,0.0764902482808448
1.92374970882344,1.00619992360327,0,0,0,0,0,0,0,0,0,0.987687617648073,0,1.01177212864049,0,1.23314866204767,-0.283371598646529,-0.181033918362794,0.0130139969133157,0.0249232312322221,-0.122070602839642,-0.104315960245698,-0.163137241845064,0.0210308492470516
1.51418769081076,0.879666824233916,0,0,0,0,0,0,0,0,0,1.06423039728171,0,0.884123368852384,0,1.48495530286826,-0.118270070363538,-0.0537419357107937,0.0635743384936734,0.105636095327501,-0.00219345981068622,0.0226030548524739,-0.0236333396878651,0.117626793112716
1.74289260721238,0.706011903442338,0,0,0,0,0,0,0,0,0,0.836588871090344,0,0.942232284910228,0,1.04224285023719,-0.229235261521657,-0.110381154111502,0.0192873460111753,0.0388203384946545,-0.069008856569781,-0.0598071741897529,-0.120304473570883,0.0294290049576665
1.78569726269192,0.964720422072679,0,0,0,0,0,0,0,0,0,0.903093633792117,0,1.10012524861702,0,1.27664759313072,-0.216401648857106,-0.129844303010096,0.0292042466004595,0.0478531465877689,-0.0733116862766371,-0.0458164728808038,-0.104795569938861,0.054656274837653
1.82275892281407,1.00295257277461,0,0,0,0,0,0,0,0,0,0.984230690480898,0,0.96616476068454,0,1.28808847611623,-0.254540765222648,-0.165360097447711,0.020534737675151,0.0351918538254124,-0.106587076683118,-0.0865101056289488,-0.140618332546769,0.0370043445881942
1.80126441595881,0.890439575169782,0,0,0,0,0,0,0,0,0,0.792563090284121,0,1.03831818944141,0,1.48247727105149,-0.206184773083854,-0.114941425106056,0.0352660497071462,0.0489091457339336,-0.0627616660011068,-0.0374260517346126,-0.0936057470864286,0.0742023273893152
1.82914810376486,0.93535939498126,0,0,0,0,0,0,0,0,0,0.792263353950291,0,1.11547811797023,0,1.49449213376014,-0.204330157157656,-0.116202339768201,0.0363887307537565,0.0501199132047341,-0.0613902792222991,-0.031470699163055,-0.0900084006723521,0.0768844219655721
1.70924005872634,1.01129035936723,0,0,0,0,0,0,0,0,0,0.86334412443844,0,1.15764838173627,0,1.32999630611078,-0.185633650605,-0.117192883559931,0.0362796044283189,0.0555911260359877,-0.0579312685010107,-0.0216498121756196,-0.0788061469346039,0.0714600594422338
1.80913236309592,0.954906919998952,0,0,0,0,0,0,0,0,0,0.882487580190258,0,0.835172468727185,0,1.42397798554675,-0.264067379273953,-0.174889863394602,0.017818736897826,0.0228306961071639,-0.118932317882664,-0.103336123580245,-0.150996606580458,0.0392301964878123
1.35720740821754,0.72757131429324,0,0,0,0,0,0,0,0,0,0.839565500171647,0,0.846988135219786,0,1.1649594710797,-0.117562424604083,-0.0516174804912438,0.0465133266489007,0.0783507592871595,-0.0089818014736599,0.0128309868297419,-0.0327369615904861,0.0850775084201843
1.37870422640828,0.866833196937493,0,0,0,0,0,0,0,0,0,0.814728234627784,0,1.19656839406203,0,1.16533665464805,-0.0743619382225905,-0.0268992599133213,0.0583741347949264,0.0963871195335578,0.0238971654272159,0.0676087684914214,0.0118070759279271,0.108567207946075
1.31386604817432,0.955519004849169,0,0,0,0,0,0,0,0,0,1.03089791156253,0,0.905868501807646,0,1.2698559884952,-0.0976517234913314,-0.0641809470434844,0.0573587938743204,0.0973814157431612,-0.0081875333593231,0.0257665789531852,-0.0155350954804367,0.104211216876823
1.64214972082825,0.918294769287387,0,0,0,0,0,0,0,0,0,0.809651121940472,0,0.944274513908156,0,1.16778702595654,-0.22317646697727,-0.147363997774824,0.0180568759929141,0.0276232773656736,-0.093551924294583,-0.0701641635517262,-0.120542109425504,0.0356084672175192
1.61566806061278,0.756103907635259,0,0,0,0,0,0,0,0,0,0.864006694249186,0,0.908665404741764,0,1.45654572948087,-0.147780736007711,-0.0593335349891456,0.0516682104311072,0.0810741471443218,-0.0150258460017194,0.00463717548910758,-0.0468014822194125,0.100012742786574
1.67682300233473,1.0149785611653,0,0,0,0,0,0,0,0,0,0.810543917078229,0,0.995079949948601,0,1.07045542750495,-0.25356346495442,-0.183968292360308,0.00598231895622917,0.00868633981287865,-0.124490548676022,-0.0975892291384554,-0.148762027308499,0.0122271946479519
1.52704268356629,0.965273169466982,0,0,0,0,0,0,0,0,0,0.811831859866996,0,1.1018897239475,0,1.20857332160899,-0.154850884888822,-0.101558896672175,0.0369059563485398,0.0574947453504597,-0.0449938889414097,-0.00717830348552187,-0.0594107171659295,0.0718217403403261
